comune,provincia,slug,url_preview
Albino,Bergamo,albino,/pages-draft/assistenza-it-albino.html
Almenno San Bartolomeo,Bergamo,almenno-san-bartolomeo,/pages-draft/assistenza-it-almenno-san-bartolomeo.html
Alzano Lombardo,Bergamo,alzano-lombardo,/pages-draft/assistenza-it-alzano-lombardo.html
Bergamo,Bergamo,bergamo,/pages-draft/assistenza-it-bergamo.html
Caravaggio,Bergamo,caravaggio,/pages-draft/assistenza-it-caravaggio.html
Casnigo,Bergamo,casnigo,/pages-draft/assistenza-it-casnigo.html
Castione Della Presolana,Bergamo,castione-della-presolana,/pages-draft/assistenza-it-castione-della-presolana.html
Cazzano Sant'Andrea,Bergamo,cazzano-sant-andrea,/pages-draft/assistenza-it-cazzano-sant-andrea.html
Clusone,Bergamo,clusone,/pages-draft/assistenza-it-clusone.html
Colzate,Bergamo,colzate,/pages-draft/assistenza-it-colzate.html
Curno,Bergamo,curno,/pages-draft/assistenza-it-curno.html
Dalmine,Bergamo,dalmine,/pages-draft/assistenza-it-dalmine.html
Fiorano Al Serio,Bergamo,fiorano-al-serio,/pages-draft/assistenza-it-fiorano-al-serio.html
Gandino,Bergamo,gandino,/pages-draft/assistenza-it-gandino.html
Gazzaniga,Bergamo,gazzaniga,/pages-draft/assistenza-it-gazzaniga.html
Gorle,Bergamo,gorle,/pages-draft/assistenza-it-gorle.html
Grassobbio,Bergamo,grassobbio,/pages-draft/assistenza-it-grassobbio.html
Leffe,Bergamo,leffe,/pages-draft/assistenza-it-leffe.html
Mozzo,Bergamo,mozzo,/pages-draft/assistenza-it-mozzo.html
Nembro,Bergamo,nembro,/pages-draft/assistenza-it-nembro.html
Orio Al Serio,Bergamo,orio-al-serio,/pages-draft/assistenza-it-orio-al-serio.html
Osio Sotto,Bergamo,osio-sotto,/pages-draft/assistenza-it-osio-sotto.html
Paladina,Bergamo,paladina,/pages-draft/assistenza-it-paladina.html
Parre,Bergamo,parre,/pages-draft/assistenza-it-parre.html
Pedrengo,Bergamo,pedrengo,/pages-draft/assistenza-it-pedrengo.html
Ponte Nossa,Bergamo,ponte-nossa,/pages-draft/assistenza-it-ponte-nossa.html
Ponte San Pietro,Bergamo,ponte-san-pietro,/pages-draft/assistenza-it-ponte-san-pietro.html
Pradalunga,Bergamo,pradalunga,/pages-draft/assistenza-it-pradalunga.html
Premolo,Bergamo,premolo,/pages-draft/assistenza-it-premolo.html
Ranica,Bergamo,ranica,/pages-draft/assistenza-it-ranica.html
Romano Di Lombardia,Bergamo,romano-di-lombardia,/pages-draft/assistenza-it-romano-di-lombardia.html
San Pellegrino Terme,Bergamo,san-pellegrino-terme,/pages-draft/assistenza-it-san-pellegrino-terme.html
Sant'Omobono Terme,Bergamo,sant-omobono-terme,/pages-draft/assistenza-it-sant-omobono-terme.html
Scanzorosciate,Bergamo,scanzorosciate,/pages-draft/assistenza-it-scanzorosciate.html
Seriate,Bergamo,seriate,/pages-draft/assistenza-it-seriate.html
Stezzano,Bergamo,stezzano,/pages-draft/assistenza-it-stezzano.html
Torre Boldone,Bergamo,torre-boldone,/pages-draft/assistenza-it-torre-boldone.html
Treviglio,Bergamo,treviglio,/pages-draft/assistenza-it-treviglio.html
Verdellino,Bergamo,verdellino,/pages-draft/assistenza-it-verdellino.html
Vertova,Bergamo,vertova,/pages-draft/assistenza-it-vertova.html
Villa D'Almè,Bergamo,villa-d-alme,/pages-draft/assistenza-it-villa-d-alme.html
Villa Di Serio,Bergamo,villa-di-serio,/pages-draft/assistenza-it-villa-di-serio.html
Zanica,Bergamo,zanica,/pages-draft/assistenza-it-zanica.html
Zogno,Bergamo,zogno,/pages-draft/assistenza-it-zogno.html
Anzano Del Parco,Como,anzano-del-parco,/pages-draft/assistenza-it-anzano-del-parco.html
Appiano Gentile,Como,appiano-gentile,/pages-draft/assistenza-it-appiano-gentile.html
Arosio,Como,arosio,/pages-draft/assistenza-it-arosio.html
Barlassina,Como,barlassina,/pages-draft/assistenza-it-barlassina.html
Bregnano,Como,bregnano,/pages-draft/assistenza-it-bregnano.html
Brenna,Como,brenna,/pages-draft/assistenza-it-brenna.html
Bulgarograsso,Como,bulgarograsso,/pages-draft/assistenza-it-bulgarograsso.html
Cabiate,Como,cabiate,/pages-draft/assistenza-it-cabiate.html
Cadorago,Como,cadorago,/pages-draft/assistenza-it-cadorago.html
Cantù,Como,cantu,/pages-draft/assistenza-it-cantu.html
Capiago Intimiano,Como,capiago-intimiano,/pages-draft/assistenza-it-capiago-intimiano.html
Carbonate,Como,carbonate,/pages-draft/assistenza-it-carbonate.html
Carimate,Como,carimate,/pages-draft/assistenza-it-carimate.html
Caronno Pertusella,Como,caronno-pertusella,/pages-draft/assistenza-it-caronno-pertusella.html
Carugo,Como,carugo,/pages-draft/assistenza-it-carugo.html
Cermenate,Como,cermenate,/pages-draft/assistenza-it-cermenate.html
Cirimido,Como,cirimido,/pages-draft/assistenza-it-cirimido.html
Cislago,Como,cislago,/pages-draft/assistenza-it-cislago.html
Cogliate,Como,cogliate,/pages-draft/assistenza-it-cogliate.html
Como,Como,como,/pages-draft/assistenza-it-como.html
Fenegrò,Como,fenegro,/pages-draft/assistenza-it-fenegro.html
Figino Serenza,Como,figino-serenza,/pages-draft/assistenza-it-figino-serenza.html
Fino Mornasco,Como,fino-mornasco,/pages-draft/assistenza-it-fino-mornasco.html
Gerenzano,Como,gerenzano,/pages-draft/assistenza-it-gerenzano.html
Giussano,Como,giussano,/pages-draft/assistenza-it-giussano.html
Inverigo,Como,inverigo,/pages-draft/assistenza-it-inverigo.html
Lazzate,Como,lazzate,/pages-draft/assistenza-it-lazzate.html
Lentate Sul Seveso,Como,lentate-sul-seveso,/pages-draft/assistenza-it-lentate-sul-seveso.html
Limido Comasco,Como,limido-comasco,/pages-draft/assistenza-it-limido-comasco.html
Locate Varesino,Como,locate-varesino,/pages-draft/assistenza-it-locate-varesino.html
Lomazzo,Como,lomazzo,/pages-draft/assistenza-it-lomazzo.html
Lurate Caccivio,Como,lurate-caccivio,/pages-draft/assistenza-it-lurate-caccivio.html
Mariano Comense,Como,mariano-comense,/pages-draft/assistenza-it-mariano-comense.html
Meda,Como,meda,/pages-draft/assistenza-it-meda.html
Misinto,Como,misinto,/pages-draft/assistenza-it-misinto.html
Montorfano,Como,montorfano,/pages-draft/assistenza-it-montorfano.html
Mozzate,Como,mozzate,/pages-draft/assistenza-it-mozzate.html
Novedrate,Como,novedrate,/pages-draft/assistenza-it-novedrate.html
Olgiate Comasco,Como,olgiate-comasco,/pages-draft/assistenza-it-olgiate-comasco.html
Origgio,Como,origgio,/pages-draft/assistenza-it-origgio.html
Rovellasca,Como,rovellasca,/pages-draft/assistenza-it-rovellasca.html
Rovello Porro,Como,rovello-porro,/pages-draft/assistenza-it-rovello-porro.html
Saronno,Como,saronno,/pages-draft/assistenza-it-saronno.html
Senna Comasco,Como,senna-comasco,/pages-draft/assistenza-it-senna-comasco.html
Seveso,Como,seveso,/pages-draft/assistenza-it-seveso.html
Turate,Como,turate,/pages-draft/assistenza-it-turate.html
Veniano,Como,veniano,/pages-draft/assistenza-it-veniano.html
Abbadia Lariana,Lecco,abbadia-lariana,/pages-draft/assistenza-it-abbadia-lariana.html
Airuno,Lecco,airuno,/pages-draft/assistenza-it-airuno.html
Annone Di Brianza,Lecco,annone-di-brianza,/pages-draft/assistenza-it-annone-di-brianza.html
Ballabio,Lecco,ballabio,/pages-draft/assistenza-it-ballabio.html
Barzago,Lecco,barzago,/pages-draft/assistenza-it-barzago.html
Barzio,Lecco,barzio,/pages-draft/assistenza-it-barzio.html
Bellano,Lecco,bellano,/pages-draft/assistenza-it-bellano.html
Calolziocorte,Lecco,calolziocorte,/pages-draft/assistenza-it-calolziocorte.html
Casatenovo,Lecco,casatenovo,/pages-draft/assistenza-it-casatenovo.html
Cassina Valsassina,Lecco,cassina-valsassina,/pages-draft/assistenza-it-cassina-valsassina.html
Cernusco Lombardone,Lecco,cernusco-lombardone,/pages-draft/assistenza-it-cernusco-lombardone.html
Colico,Lecco,colico,/pages-draft/assistenza-it-colico.html
Cortenova,Lecco,cortenova,/pages-draft/assistenza-it-cortenova.html
Costa Masnaga,Lecco,costa-masnaga,/pages-draft/assistenza-it-costa-masnaga.html
Cremeno,Lecco,cremeno,/pages-draft/assistenza-it-cremeno.html
Dervio,Lecco,dervio,/pages-draft/assistenza-it-dervio.html
Dolzago,Lecco,dolzago,/pages-draft/assistenza-it-dolzago.html
Ello,Lecco,ello,/pages-draft/assistenza-it-ello.html
Garlate,Lecco,garlate,/pages-draft/assistenza-it-garlate.html
Introbio,Lecco,introbio,/pages-draft/assistenza-it-introbio.html
La Valletta Brianza,Lecco,la-valletta-brianza,/pages-draft/assistenza-it-la-valletta-brianza.html
Lecco,Lecco,lecco,/pages-draft/assistenza-it-lecco.html
Lierna,Lecco,lierna,/pages-draft/assistenza-it-lierna.html
Malgrate,Lecco,malgrate,/pages-draft/assistenza-it-malgrate.html
Mandello Del Lario,Lecco,mandello-del-lario,/pages-draft/assistenza-it-mandello-del-lario.html
Merate,Lecco,merate,/pages-draft/assistenza-it-merate.html
Moggio,Lecco,moggio,/pages-draft/assistenza-it-moggio.html
Montevecchia,Lecco,montevecchia,/pages-draft/assistenza-it-montevecchia.html
Morterone,Lecco,morterone,/pages-draft/assistenza-it-morterone.html
Nibionno,Lecco,nibionno,/pages-draft/assistenza-it-nibionno.html
Oggiono,Lecco,oggiono,/pages-draft/assistenza-it-oggiono.html
Olginate,Lecco,olginate,/pages-draft/assistenza-it-olginate.html
Osnago,Lecco,osnago,/pages-draft/assistenza-it-osnago.html
Pasturo,Lecco,pasturo,/pages-draft/assistenza-it-pasturo.html
Perledo,Lecco,perledo,/pages-draft/assistenza-it-perledo.html
Premana,Lecco,premana,/pages-draft/assistenza-it-premana.html
Primaluna,Lecco,primaluna,/pages-draft/assistenza-it-primaluna.html
Rogeno,Lecco,rogeno,/pages-draft/assistenza-it-rogeno.html
Taceno,Lecco,taceno,/pages-draft/assistenza-it-taceno.html
Valmadrera,Lecco,valmadrera,/pages-draft/assistenza-it-valmadrera.html
Varenna,Lecco,varenna,/pages-draft/assistenza-it-varenna.html
Agnadello,Lodi,agnadello,/pages-draft/assistenza-it-agnadello.html
Arzago D'Adda,Lodi,arzago-d-adda,/pages-draft/assistenza-it-arzago-d-adda.html
Bariano,Lodi,bariano,/pages-draft/assistenza-it-bariano.html
Borghetto Lodigiano,Lodi,borghetto-lodigiano,/pages-draft/assistenza-it-borghetto-lodigiano.html
Brignano Gera D'Adda,Lodi,brignano-gera-d-adda,/pages-draft/assistenza-it-brignano-gera-d-adda.html
Calvenzano,Lodi,calvenzano,/pages-draft/assistenza-it-calvenzano.html
Caravaggio,Lodi,caravaggio,/pages-draft/assistenza-it-caravaggio.html
Casalpusterlengo,Lodi,casalpusterlengo,/pages-draft/assistenza-it-casalpusterlengo.html
Casirate D'Adda,Lodi,casirate-d-adda,/pages-draft/assistenza-it-casirate-d-adda.html
Castiglione D'Adda,Lodi,castiglione-d-adda,/pages-draft/assistenza-it-castiglione-d-adda.html
Codogno,Lodi,codogno,/pages-draft/assistenza-it-codogno.html
Covo,Lodi,covo,/pages-draft/assistenza-it-covo.html
Crema,Lodi,crema,/pages-draft/assistenza-it-crema.html
Dovera,Lodi,dovera,/pages-draft/assistenza-it-dovera.html
Fara Gera D'Adda,Lodi,fara-gera-d-adda,/pages-draft/assistenza-it-fara-gera-d-adda.html
Fombio,Lodi,fombio,/pages-draft/assistenza-it-fombio.html
Formigara,Lodi,formigara,/pages-draft/assistenza-it-formigara.html
Lodi,Lodi,lodi,/pages-draft/assistenza-it-lodi.html
Lodi Vecchio,Lodi,lodi-vecchio,/pages-draft/assistenza-it-lodi-vecchio.html
Lurano,Lodi,lurano,/pages-draft/assistenza-it-lurano.html
Maleo,Lodi,maleo,/pages-draft/assistenza-it-maleo.html
Misano Di Gera D'Adda,Lodi,misano-di-gera-d-adda,/pages-draft/assistenza-it-misano-di-gera-d-adda.html
Montanaso Lombardo,Lodi,montanaso-lombardo,/pages-draft/assistenza-it-montanaso-lombardo.html
Offanengo,Lodi,offanengo,/pages-draft/assistenza-it-offanengo.html
Ossago Lodigiano,Lodi,ossago-lodigiano,/pages-draft/assistenza-it-ossago-lodigiano.html
Pagazzano,Lodi,pagazzano,/pages-draft/assistenza-it-pagazzano.html
Pandino,Lodi,pandino,/pages-draft/assistenza-it-pandino.html
Pieve Fissiraga,Lodi,pieve-fissiraga,/pages-draft/assistenza-it-pieve-fissiraga.html
Pizzighettone,Lodi,pizzighettone,/pages-draft/assistenza-it-pizzighettone.html
Rivolta D'Adda,Lodi,rivolta-d-adda,/pages-draft/assistenza-it-rivolta-d-adda.html
Romano Di Lombardia,Lodi,romano-di-lombardia,/pages-draft/assistenza-it-romano-di-lombardia.html
San Fiorano,Lodi,san-fiorano,/pages-draft/assistenza-it-san-fiorano.html
Sant'Angelo Lodigiano,Lodi,sant-angelo-lodigiano,/pages-draft/assistenza-it-sant-angelo-lodigiano.html
Somaglia,Lodi,somaglia,/pages-draft/assistenza-it-somaglia.html
Spino D'Adda,Lodi,spino-d-adda,/pages-draft/assistenza-it-spino-d-adda.html
Spirano,Lodi,spirano,/pages-draft/assistenza-it-spirano.html
Tavazzano Con Villavesco,Lodi,tavazzano-con-villavesco,/pages-draft/assistenza-it-tavazzano-con-villavesco.html
Torlasco,Lodi,torlasco,/pages-draft/assistenza-it-torlasco.html
Trescore Cremasco,Lodi,trescore-cremasco,/pages-draft/assistenza-it-trescore-cremasco.html
Vaiano Cremasco,Lodi,vaiano-cremasco,/pages-draft/assistenza-it-vaiano-cremasco.html
Zelo Buon Persico,Lodi,zelo-buon-persico,/pages-draft/assistenza-it-zelo-buon-persico.html
Abbiategrasso,Milano,abbiategrasso,/pages-draft/assistenza-it-abbiategrasso.html
Assago,Milano,assago,/pages-draft/assistenza-it-assago.html
Basiglio,Milano,basiglio,/pages-draft/assistenza-it-basiglio.html
Besate,Milano,besate,/pages-draft/assistenza-it-besate.html
Binasco,Milano,binasco,/pages-draft/assistenza-it-binasco.html
Bollate,Milano,bollate,/pages-draft/assistenza-it-bollate.html
Bovisio-Masciago,Milano,bovisio-masciago,/pages-draft/assistenza-it-bovisio-masciago.html
Bresso,Milano,bresso,/pages-draft/assistenza-it-bresso.html
Bubbiano,Milano,bubbiano,/pages-draft/assistenza-it-bubbiano.html
Buccinasco,Milano,buccinasco,/pages-draft/assistenza-it-buccinasco.html
Calvignasco,Milano,calvignasco,/pages-draft/assistenza-it-calvignasco.html
Carbonate,Milano,carbonate,/pages-draft/assistenza-it-carbonate.html
Caronno Pertusella,Milano,caronno-pertusella,/pages-draft/assistenza-it-caronno-pertusella.html
Cesano Boscone,Milano,cesano-boscone,/pages-draft/assistenza-it-cesano-boscone.html
Cesate,Milano,cesate,/pages-draft/assistenza-it-cesate.html
Cinisello Balsamo,Milano,cinisello-balsamo,/pages-draft/assistenza-it-cinisello-balsamo.html
Cislago,Milano,cislago,/pages-draft/assistenza-it-cislago.html
Cologno Monzese,Milano,cologno-monzese,/pages-draft/assistenza-it-cologno-monzese.html
Cormano,Milano,cormano,/pages-draft/assistenza-it-cormano.html
Corsico,Milano,corsico,/pages-draft/assistenza-it-corsico.html
Cusano Milanino,Milano,cusano-milanino,/pages-draft/assistenza-it-cusano-milanino.html
Garbagnate Milanese,Milano,garbagnate-milanese,/pages-draft/assistenza-it-garbagnate-milanese.html
Gerenzano,Milano,gerenzano,/pages-draft/assistenza-it-gerenzano.html
Lacchiarella,Milano,lacchiarella,/pages-draft/assistenza-it-lacchiarella.html
Limbiate,Milano,limbiate,/pages-draft/assistenza-it-limbiate.html
Locate Di Triulzi,Milano,locate-di-triulzi,/pages-draft/assistenza-it-locate-di-triulzi.html
Milano,Milano,milano,/pages-draft/assistenza-it-milano.html
Morimondo,Milano,morimondo,/pages-draft/assistenza-it-morimondo.html
Mozzate,Milano,mozzate,/pages-draft/assistenza-it-mozzate.html
Muggiò,Milano,muggio,/pages-draft/assistenza-it-muggio.html
Nova Milanese,Milano,nova-milanese,/pages-draft/assistenza-it-nova-milanese.html
Noviglio,Milano,noviglio,/pages-draft/assistenza-it-noviglio.html
Opera,Milano,opera,/pages-draft/assistenza-it-opera.html
Origgio,Milano,origgio,/pages-draft/assistenza-it-origgio.html
Paderno Dugnano,Milano,paderno-dugnano,/pages-draft/assistenza-it-paderno-dugnano.html
Pieve Emanuele,Milano,pieve-emanuele,/pages-draft/assistenza-it-pieve-emanuele.html
Rho,Milano,rho,/pages-draft/assistenza-it-rho.html
Rosate,Milano,rosate,/pages-draft/assistenza-it-rosate.html
Rovellasca,Milano,rovellasca,/pages-draft/assistenza-it-rovellasca.html
Rovello Porro,Milano,rovello-porro,/pages-draft/assistenza-it-rovello-porro.html
Rozzano,Milano,rozzano,/pages-draft/assistenza-it-rozzano.html
Saronno,Milano,saronno,/pages-draft/assistenza-it-saronno.html
Senago,Milano,senago,/pages-draft/assistenza-it-senago.html
Sesto San Giovanni,Milano,sesto-san-giovanni,/pages-draft/assistenza-it-sesto-san-giovanni.html
Solaro,Milano,solaro,/pages-draft/assistenza-it-solaro.html
Trezzano Sul Naviglio,Milano,trezzano-sul-naviglio,/pages-draft/assistenza-it-trezzano-sul-naviglio.html
Turate,Milano,turate,/pages-draft/assistenza-it-turate.html
Uboldo,Milano,uboldo,/pages-draft/assistenza-it-uboldo.html
Varedo,Milano,varedo,/pages-draft/assistenza-it-varedo.html
Zibido San Giacomo,Milano,zibido-san-giacomo,/pages-draft/assistenza-it-zibido-san-giacomo.html
Agrate Brianza,Monza e Brianza,agrate-brianza,/pages-draft/assistenza-it-agrate-brianza.html
Aicurzio,Monza e Brianza,aicurzio,/pages-draft/assistenza-it-aicurzio.html
Albiate,Monza e Brianza,albiate,/pages-draft/assistenza-it-albiate.html
Arcore,Monza e Brianza,arcore,/pages-draft/assistenza-it-arcore.html
Barlassina,Monza e Brianza,barlassina,/pages-draft/assistenza-it-barlassina.html
Basiano,Monza e Brianza,basiano,/pages-draft/assistenza-it-basiano.html
Bellusco,Monza e Brianza,bellusco,/pages-draft/assistenza-it-bellusco.html
Bernareggio,Monza e Brianza,bernareggio,/pages-draft/assistenza-it-bernareggio.html
Besana In Brianza,Monza e Brianza,besana-in-brianza,/pages-draft/assistenza-it-besana-in-brianza.html
Biassono,Monza e Brianza,biassono,/pages-draft/assistenza-it-biassono.html
Brugherio,Monza e Brianza,brugherio,/pages-draft/assistenza-it-brugherio.html
Burago Di Molgora,Monza e Brianza,burago-di-molgora,/pages-draft/assistenza-it-burago-di-molgora.html
Busnago,Monza e Brianza,busnago,/pages-draft/assistenza-it-busnago.html
Cambiago,Monza e Brianza,cambiago,/pages-draft/assistenza-it-cambiago.html
Camparada,Monza e Brianza,camparada,/pages-draft/assistenza-it-camparada.html
Carate Brianza,Monza e Brianza,carate-brianza,/pages-draft/assistenza-it-carate-brianza.html
Carnate,Monza e Brianza,carnate,/pages-draft/assistenza-it-carnate.html
Cavenago Di Brianza,Monza e Brianza,cavenago-di-brianza,/pages-draft/assistenza-it-cavenago-di-brianza.html
Cesano Maderno,Monza e Brianza,cesano-maderno,/pages-draft/assistenza-it-cesano-maderno.html
Concorezzo,Monza e Brianza,concorezzo,/pages-draft/assistenza-it-concorezzo.html
Cornate D'Adda,Monza e Brianza,cornate-d-adda,/pages-draft/assistenza-it-cornate-d-adda.html
Correzzana,Monza e Brianza,correzzana,/pages-draft/assistenza-it-correzzana.html
Desio,Monza e Brianza,desio,/pages-draft/assistenza-it-desio.html
Giussano,Monza e Brianza,giussano,/pages-draft/assistenza-it-giussano.html
Inverigo,Monza e Brianza,inverigo,/pages-draft/assistenza-it-inverigo.html
Lambrugo,Monza e Brianza,lambrugo,/pages-draft/assistenza-it-lambrugo.html
Lentate Sul Seveso,Monza e Brianza,lentate-sul-seveso,/pages-draft/assistenza-it-lentate-sul-seveso.html
Lesmo,Monza e Brianza,lesmo,/pages-draft/assistenza-it-lesmo.html
Lissone,Monza e Brianza,lissone,/pages-draft/assistenza-it-lissone.html
Masate,Monza e Brianza,masate,/pages-draft/assistenza-it-masate.html
Meda,Monza e Brianza,meda,/pages-draft/assistenza-it-meda.html
Mezzago,Monza e Brianza,mezzago,/pages-draft/assistenza-it-mezzago.html
Misinto,Monza e Brianza,misinto,/pages-draft/assistenza-it-misinto.html
Monza,Monza e Brianza,monza,/pages-draft/assistenza-it-monza.html
Novate Brianza,Monza e Brianza,novate-brianza,/pages-draft/assistenza-it-novate-brianza.html
Ornago,Monza e Brianza,ornago,/pages-draft/assistenza-it-ornago.html
Renate,Monza e Brianza,renate,/pages-draft/assistenza-it-renate.html
Roncello,Monza e Brianza,roncello,/pages-draft/assistenza-it-roncello.html
Ronco Briantino,Monza e Brianza,ronco-briantino,/pages-draft/assistenza-it-ronco-briantino.html
Seregno,Monza e Brianza,seregno,/pages-draft/assistenza-it-seregno.html
Seveso,Monza e Brianza,seveso,/pages-draft/assistenza-it-seveso.html
Sovico,Monza e Brianza,sovico,/pages-draft/assistenza-it-sovico.html
Sulbiate,Monza e Brianza,sulbiate,/pages-draft/assistenza-it-sulbiate.html
Triuggio,Monza e Brianza,triuggio,/pages-draft/assistenza-it-triuggio.html
Usmate Velate,Monza e Brianza,usmate-velate,/pages-draft/assistenza-it-usmate-velate.html
Vedano Al Lambro,Monza e Brianza,vedano-al-lambro,/pages-draft/assistenza-it-vedano-al-lambro.html
Verano Brianza,Monza e Brianza,verano-brianza,/pages-draft/assistenza-it-verano-brianza.html
Villasanta,Monza e Brianza,villasanta,/pages-draft/assistenza-it-villasanta.html
Vimercate,Monza e Brianza,vimercate,/pages-draft/assistenza-it-vimercate.html
