# Cloudflare Pages Redirects
# Usa 200 per rewrite (mantiene URL), 301 per redirect permanente

# URL Structure Fix - Critical SEO redirects
/web/pages-generated/* /pages/:splat 301
/web/* /:splat 301

# Homepage
/ /index.html 200

# Pagine servizi principali (con rewrite per mantenere URL puliti)
/assistenza-it-lecco /pages/assistenza-it-lecco.html 200
/assistenza-it-continuativa-lecco /pages/assistenza-it-continuativa-lecco.html 200
/cybersecurity-lecco /pages/cybersecurity-lecco.html 200
/backup-aziendale-lecco /pages/backup-aziendale-lecco.html 200
/backup-disaster-recovery-lecco /pages/backup-disaster-recovery-lecco.html 200
/office-365-lecco /pages/office-365-lecco.html 200
/office365-microsoft-lecco /pages/office365-microsoft-lecco.html 200
/monitoraggio-rete-lecco /pages/monitoraggio-rete-lecco.html 200

# Pagine località (assistenza IT locale)
/assistenza-it-merate /pages/assistenza-it-merate.html 200
/assistenza-it-calolziocorte /pages/assistenza-it-calolziocorte.html 200
/assistenza-it-oggiono /pages/assistenza-it-oggiono.html 200
/assistenza-it-valmadrera /pages/assistenza-it-valmadrera.html 200
/assistenza-it-mandello /pages/assistenza-it-mandello.html 200
/assistenza-it-bellano /pages/assistenza-it-bellano.html 200
/assistenza-it-colico /pages/assistenza-it-colico.html 200
/assistenza-it-dervio /pages/assistenza-it-dervio.html 200
/assistenza-it-malgrate /pages/assistenza-it-malgrate.html 200
/assistenza-it-garlate /pages/assistenza-it-garlate.html 200
/assistenza-it-olginate /pages/assistenza-it-olginate.html 200

# Pagine istituzionali
/prezzi /pages/prezzi.html 200
/contatti /pages/contatti.html 200
/chi-siamo /pages/chi-siamo.html 200
/partner-certificazioni /pages/partner-certificazioni.html 200
/faq /pages/faq.html 200

# Pagine legali
/privacy-policy /pages/privacy-policy.html 200
/cookie-policy /pages/cookie-policy.html 200
/termini-servizio /pages/termini-servizio.html 200

# Blog (index e articoli)
/blog /pages/blog/index.html 200
/blog/ /pages/blog/index.html 200
/blog/come-scegliere-antivirus-aziendale /pages/blog/come-scegliere-antivirus-aziendale.html 200
/blog/backup-strategia-321 /pages/blog/backup-strategia-321.html 200
/blog/smartworking-sicurezza-pmi /pages/blog/smartworking-sicurezza-pmi.html 200

# Centralizzazione form e chat
/assessment /pages/assessment.html 302
/chat /pages/chat.html 302

# Case Study (index e singoli)
/case-study /pages/case-study/index.html 200
/case-study/ /pages/case-study/index.html 200
/case-study/metalmeccanica-lecco /pages/case-study/metalmeccanica-lecco.html 200
/case-study/studio-professionale-merate /pages/case-study/studio-professionale-merate.html 200
/case-study/retail-como /pages/case-study/retail-como.html 200

# Redirect legacy o alternativi (301 permanenti)
/servizi /prezzi 301
/assistenza /assistenza-it-lecco 301
/backup /backup-aziendale-lecco 301
/sicurezza /cybersecurity-lecco 301
/microsoft /office-365-lecco 301
/office365 /office-365-lecco 301
/supporto-it /assistenza-it-lecco 301

# 404 custom (opzionale, crea una pagina 404.html)
/* /404.html 404
